{"learning_rate": 6.46518006806522e-05, "_runtime": 1643, "_timestamp": 1622213625, "_step": 642, "epoch": 32, "train/loss": 0.08299683235883713, "train/symbol_accuracy": 0.9201410821556825, "train/sentence_accuracy": 0.795225, "train/wer": 0.0320731313310721, "val/losses": 0.2869039933392956, "val/symbol_accuracy": 0.760128219669351, "val/sentence_accuracy": 0.6748109076433121, "val/wer": 0.06881094747948871, "val/score": 0.700448722131032, "train/teacher_forcing": 0.7}