{"learning_rate": 0.00048623858269708183, "_runtime": 23776, "_timestamp": 1622160579, "_step": 9103, "epoch": 14, "train/loss": 0.5353798789978027, "train/symbol_accuracy": 0.41526542900691726, "train/sentence_accuracy": 0.00155, "train/wer": 0.5388452949936526, "val/losses": 0.8568536557589367, "val/symbol_accuracy": 0.14217584566110905, "val/sentence_accuracy": 0.002488057324840764, "val/wer": 0.6762916915442995, "val/score": 0.034610082437926744, "train/teacher_forcing": 0.7}