{"learning_rate": 0.00032584980799317304, "_runtime": 49455, "_timestamp": 1622210085, "_step": 19535, "epoch": 31, "train/loss": 0.109392860943079, "train/symbol_accuracy": 0.8916732001205346, "train/sentence_accuracy": 0.755925, "train/wer": 0.04112537205723802, "val/losses": 0.32612863600633707, "val/symbol_accuracy": 0.6988025989597679, "val/sentence_accuracy": 0.6057921974522293, "val/wer": 0.0943722916395239, "val/score": 0.635775748543054, "train/teacher_forcing": 0.6}