{"learning_rate": 3.927362719336444e-05, "_runtime": 10405, "_timestamp": 1622101098, "_step": 9540, "epoch": 16, "train/loss": 0.429859437855186, "train/symbol_accuracy": 0.5125040680582788, "train/sentence_accuracy": 0.09040589484201342, "train/wer": 0.3536626177635933, "val/losses": 0.6851715965796326, "val/symbol_accuracy": 0.2629162039525562, "val/sentence_accuracy": 0.08757817456720733, "val/wer": 0.4023829659278088, "val/score": 0.13858206051770572, "train/teacher_forcing": 0.65}