{"learning_rate": 0.00011006613568482436, "_runtime": 4749, "_timestamp": 1622263303, "_step": 1880, "epoch": 16, "train/loss": 0.3040482875108719, "train/symbol_accuracy": 0.6826332369550577, "train/sentence_accuracy": 0.34265, "train/wer": 0.17919277361980177, "val/losses": 0.4886328407153962, "val/symbol_accuracy": 0.49520661514115505, "val/sentence_accuracy": 0.3460887738853503, "val/wer": 0.21236063844163675, "val/score": 0.3902438326526516, "train/teacher_forcing": 0.7}