{"learning_rate": 8.753733466078795e-05, "_runtime": 3687, "_timestamp": 1622227955, "_step": 1174, "epoch": 1, "train/loss": 0.43300763902664186, "train/symbol_accuracy": 0.0696351788105187, "train/sentence_accuracy": 0.0, "train/wer": 0.8022974846667883, "val/losses": 0.371034164717243, "val/symbol_accuracy": 0.09707482001177417, "val/sentence_accuracy": 0.0, "val/wer": 0.7702463807253007, "val/score": 0.02297536192746993, "train/teacher_forcing": 0.7}