{"learning_rate": 0.00018503184713375797, "_runtime": 3431, "_timestamp": 1622105897, "_step": 2524, "epoch": 5, "train/loss": 0.6073290315909498, "train/symbol_accuracy": 0.3325987551495189, "train/sentence_accuracy": 0.0013363307106281986, "train/wer": 0.6001153115990427, "val/losses": 0.9989217348017935, "val/symbol_accuracy": 0.08062338307651593, "val/sentence_accuracy": 0.0006480558325024924, "val/wer": 0.6783133614505128, "val/score": 0.03275191410420097, "train/teacher_forcing": 0.65}