{"learning_rate": 0.00013643076923076924, "_runtime": 1857, "_timestamp": 1622136732, "_step": 740, "epoch": 1, "train/loss": 1.0474869278430938, "train/symbol_accuracy": 0.13210677427596634, "train/sentence_accuracy": 0.0, "train/wer": 0.7901923753635697, "val/losses": 1.0992214231734063, "val/symbol_accuracy": 0.047917645597377274, "val/sentence_accuracy": 0.0, "val/wer": 0.7611926083526048, "val/score": 0.02388073916473952, "train/teacher_forcing": 0.7}