{"learning_rate": 6.60918372530096e-05, "_runtime": 2307, "_timestamp": 1622231353, "_step": 705, "epoch": 1, "train/loss": 0.43355116062164306, "train/symbol_accuracy": 0.06985630707704837, "train/sentence_accuracy": 0.0, "train/wer": 0.8021237850286465, "val/losses": 0.36602599036162065, "val/symbol_accuracy": 0.10225977715486279, "val/sentence_accuracy": 0.0, "val/wer": 0.7729438767860324, "val/score": 0.022705612321396763, "train/teacher_forcing": 0.7}