{"learning_rate": 6.125928874734608e-05, "_runtime": 28145, "_timestamp": 1622134072, "_step": 20579, "epoch": 43, "train/loss": 0.18808919743431096, "train/symbol_accuracy": 0.7873284926226464, "train/sentence_accuracy": 0.5620906706631701, "train/wer": 0.09408394364727451, "val/losses": 0.47725846504761, "val/symbol_accuracy": 0.5181554514963462, "val/sentence_accuracy": 0.35413305537931655, "val/wer": 0.2176138087391179, "val/score": 0.3969583689674731, "train/teacher_forcing": 0.5}