{"learning_rate": 0.00032645782961171954, "_runtime": 21763, "_timestamp": 1622257604, "_step": 8652, "epoch": 13, "train/loss": 0.39986998084783554, "train/symbol_accuracy": 0.5821216388666238, "train/sentence_accuracy": 0.150925, "train/wer": 0.29006413335551423, "val/losses": 0.6391070162414745, "val/symbol_accuracy": 0.36052195235240425, "val/sentence_accuracy": 0.1833200636942675, "val/wer": 0.3096323734605501, "val/score": 0.23402481997878574, "train/teacher_forcing": 0.7}